# France (PCG): Bilan (montants nets, amortissements et dépréciations déduits), à faire vérifier par des utilisateurs français
layout_code;layout_label;statement;country;position;code;label;type;natures;accounts;formula;sign;explicit_accounts
FR-BILAN;Bilan (France, PCG);BS;FR;10;H_ACTIF;ACTIF;heading;;;;natural;
FR-BILAN;Bilan (France, PCG);BS;FR;20;H_IMMO;Actif immobilisé;heading;;;;natural;
FR-BILAN;Bilan (France, PCG);BS;FR;30;INCORP;Immobilisations incorporelles;group;ASSET;20,280,290;;natural;
FR-BILAN;Bilan (France, PCG);BS;FR;40;CORP;Immobilisations corporelles;group;ASSET;21,22,23,24,25,281,282,291,292,293;;natural;
FR-BILAN;Bilan (France, PCG);BS;FR;50;FINANC;Immobilisations financières;group;ASSET;26,27,296,297;;natural;
FR-BILAN;Bilan (France, PCG);BS;FR;60;TOT_IMMO;Total actif immobilisé;formula;;;INCORP+CORP+FINANC;natural;
FR-BILAN;Bilan (France, PCG);BS;FR;70;H_CIRC;Actif circulant;heading;;;;natural;
FR-BILAN;Bilan (France, PCG);BS;FR;80;STOCKS;Stocks et en-cours;group;ASSET;3;;natural;
FR-BILAN;Bilan (France, PCG);BS;FR;90;AVANCES;Avances et acomptes versés sur commandes;group;ASSET;409;;natural;
FR-BILAN;Bilan (France, PCG);BS;FR;100;CLIENTS;Créances clients et comptes rattachés;group;ASSET;41,491;;natural;
FR-BILAN;Bilan (France, PCG);BS;FR;110;CCA;Charges constatées d'avance;group;ASSET;486;;natural;
FR-BILAN;Bilan (France, PCG);BS;FR;120;AUTRES_CREANCES;Autres créances;group;ASSET;40,42,43,44,45,46,47,48,495,496;;natural;
FR-BILAN;Bilan (France, PCG);BS;FR;130;VMP;Valeurs mobilières de placement;group;ASSET;50,59;;natural;
FR-BILAN;Bilan (France, PCG);BS;FR;140;DISPO;Disponibilités;group;ASSET|CLEARING;51,52,53,54,58;;natural;
FR-BILAN;Bilan (France, PCG);BS;FR;150;AUTRES_ACTIF;Autres éléments d'actif;group;ASSET|CLEARING;;;natural;
FR-BILAN;Bilan (France, PCG);BS;FR;160;TOT_CIRC;Total actif circulant;formula;;;STOCKS+AVANCES+CLIENTS+CCA+AUTRES_CREANCES+VMP+DISPO+AUTRES_ACTIF;natural;
FR-BILAN;Bilan (France, PCG);BS;FR;170;TOT_ACTIF;TOTAL ACTIF;formula;;;TOT_IMMO+TOT_CIRC;natural;
FR-BILAN;Bilan (France, PCG);BS;FR;180;H_PASSIF;PASSIF;heading;;;;natural;
FR-BILAN;Bilan (France, PCG);BS;FR;190;H_CP;Capitaux propres;heading;;;;natural;
FR-BILAN;Bilan (France, PCG);BS;FR;200;CAPITAL;Capital et fonds propres;group;EQUITY;101,102,103,104,105,108,109;;natural;
FR-BILAN;Bilan (France, PCG);BS;FR;210;RESERVES;Réserves;group;EQUITY;106;;natural;
FR-BILAN;Bilan (France, PCG);BS;FR;220;RAN;Report à nouveau;group;EQUITY;11;;natural;
FR-BILAN;Bilan (France, PCG);BS;FR;230;RES_AFFECTE;Résultat comptabilisé (classe 12);group;EQUITY;12;;natural;
FR-BILAN;Bilan (France, PCG);BS;FR;240;RES_EXERCICE;Résultat de l'exercice en cours (non clôturé);formula;;;RESULT;natural;
FR-BILAN;Bilan (France, PCG);BS;FR;250;SUBV;Subventions d'investissement;group;EQUITY;13;;natural;
FR-BILAN;Bilan (France, PCG);BS;FR;260;PROV_REGL;Provisions réglementées;group;EQUITY;14;;natural;
FR-BILAN;Bilan (France, PCG);BS;FR;270;AUTRES_CP;Autres capitaux propres;group;EQUITY;;;natural;
FR-BILAN;Bilan (France, PCG);BS;FR;280;TOT_CP;Total capitaux propres;formula;;;CAPITAL+RESERVES+RAN+RES_AFFECTE+RES_EXERCICE+SUBV+PROV_REGL+AUTRES_CP;natural;
FR-BILAN;Bilan (France, PCG);BS;FR;290;FONDS_DEDIES;Fonds dédiés;group;LIABILITY;19;;natural;
FR-BILAN;Bilan (France, PCG);BS;FR;300;PROVISIONS;Provisions pour risques et charges;group;LIABILITY;15;;natural;
FR-BILAN;Bilan (France, PCG);BS;FR;310;H_DETTES;Dettes;heading;;;;natural;
FR-BILAN;Bilan (France, PCG);BS;FR;320;EMPRUNTS;Emprunts et dettes auprès des établissements de crédit;group;LIABILITY;16,17,51,52,519;;natural;
FR-BILAN;Bilan (France, PCG);BS;FR;330;AVANCES_RECUES;Avances et acomptes reçus sur commandes;group;LIABILITY;419;;natural;
FR-BILAN;Bilan (France, PCG);BS;FR;340;FOURN;Dettes fournisseurs et comptes rattachés;group;LIABILITY;40;;natural;
FR-BILAN;Bilan (France, PCG);BS;FR;350;FISC_SOC;Dettes fiscales et sociales;group;LIABILITY;42,43,44;;natural;
FR-BILAN;Bilan (France, PCG);BS;FR;360;PCA;Produits constatés d'avance;group;LIABILITY;487;;natural;
FR-BILAN;Bilan (France, PCG);BS;FR;370;AUTRES_DETTES;Autres dettes;group;LIABILITY|CLEARING;;;natural;
FR-BILAN;Bilan (France, PCG);BS;FR;380;TOT_DETTES;Total dettes;formula;;;EMPRUNTS+AVANCES_RECUES+FOURN+FISC_SOC+PCA+AUTRES_DETTES;natural;
FR-BILAN;Bilan (France, PCG);BS;FR;390;TOT_PASSIF;TOTAL PASSIF;formula;;;TOT_CP+FONDS_DEDIES+PROVISIONS+TOT_DETTES;natural;
FR-BILAN;Bilan (France, PCG);BS;FR;400;CONTROLE;Contrôle : total actif - total passif (doit être 0);formula;;;TOT_ACTIF-TOT_PASSIF;natural;
